periodo,rs_de0_hasta1SM,rs_de1_hasta2SM,rs_de2_hasta3SM,rs_de3_hasta4SM,rs_de4_hasta5SM,rs_de5_hasta6SM,rs_de6_hasta7SM,rs_de7_hasta8SM,rs_de8_hasta9SM,rs_de9_hasta10SM,rs_de10_hasta11SM,rs_de11_hasta12SM,rs_de12_hasta13SM,rs_de13_hasta14SM,rs_de14_hasta15SM,rs_de15_hasta16SM,rs_de16_hasta17SM,rs_de17_hasta18SM,rs_de18_hasta19SM,rs_de19_hasta20SM,rs_de20_hasta21SM,rs_de21_hasta22SM,rs_de22_hasta23SM,rs_de23_hasta24SM,rs_de24_hasta25SM
1997/08,1613243,3845390,1585104,894681,547748,360504,232272,165669,123846,108388,91453,69385,53667,44349,35145,29241,24451,21399,17271,16046,12856,32379,7994,7673,107200
1997/09,1610045,3934119,1616243,895412,555506,369774,239347,177138,131806,111715,95565,71850,54549,45235,36265,29819,25058,21585,17502,16184,13058,21360,8982,8360,111736
1997/10,1607307,3983284,1652631,914527,559318,374338,246989,178632,134264,115618,96598,74964,58433,48637,37491,30488,25883,22320,18242,16811,13371,19846,9712,9146,114629
1997/11,1603030,4000728,1674991,925715,563338,377269,249570,181431,134958,115547,96507,75684,60472,50015,38096,31396,26875,22913,18678,17000,14011,19482,10306,9528,124138
1997/12,1564691,3875763,1658509,927136,565721,380099,253520,184867,136844,118656,100447,78226,61098,51012,38448,32084,27310,23157,19240,17744,14468,19342,10778,9846,127861
1998/01,1806748,4039472,1612015,864625,544585,332069,227244,163189,141888,113704,87408,67522,52538,41580,35236,29287,24325,20815,19476,14679,13049,29704,8827,8927,110953
1998/02,1783677,4036829,1682597,904062,569710,348662,234779,164731,135561,108485,88834,66779,50557,40676,32902,27785,22717,19480,17886,13652,12095,22540,9174,8360,110060
1998/03,1779336,4044184,1714653,932855,580040,363908,246010,172587,141911,111802,91309,70494,52458,42315,33465,28685,23808,20108,18020,14076,12372,20742,9304,8679,113323
1998/04,1787050,4061704,1740849,937421,586629,371236,245567,174486,137506,107654,91356,74746,57054,44631,35882,30083,24945,21492,19621,15300,13406,20150,9849,9119,117642
1998/05,1746536,4030990,1727184,938878,599145,383262,255910,178084,141028,107846,88307,69518,53519,44496,38585,34702,29865,25018,22048,17542,15218,20890,11875,10812,128108
1998/06,1720207,4029481,1743863,969008,603370,391361,257227,183207,148548,116680,97576,80140,61555,47053,38796,32388,27752,23912,21023,17067,15130,19795,11013,10485,125470
1998/07,1702655,4126545,1775445,967150,601462,388298,259690,181072,146679,114854,95597,79825,60258,46867,38400,31764,27130,23497,20622,16498,14615,19044,10964,10202,124836
1998/08,1658919,4148072,1803947,982334,610995,393790,263182,185870,148388,115887,97432,80491,61788,47495,38681,32005,27446,23563,21089,16707,14528,18642,11191,10584,134007
1998/09,1642968,4174547,1838385,998881,617857,401227,268895,188480,151941,116331,97719,80891,63676,50155,39712,33221,28580,24767,21646,17657,15297,18571,11359,10819,130568
1998/10,1631696,4179373,1860330,1007678,632555,408581,282744,195274,152001,118088,98773,80770,67222,56683,44602,35235,29426,25869,22826,18256,15825,18659,11699,10957,132747
1998/11,1631356,4181352,1863514,993267,631041,412786,293948,207288,151663,117965,95335,80600,72990,65167,48602,36974,31020,26824,23181,18778,16353,19059,12128,11593,139860
1998/12,1884575,4285179,1700059,925678,580783,368785,260041,175782,131895,106112,87641,80936,61561,43872,35608,30630,25236,20201,17458,17433,13283,41808,7014,6572,94644
1999/01,1797115,4165537,1752621,954279,621428,391595,271206,186248,141788,117512,96509,88647,68041,48604,40298,34352,28872,23586,20138,19072,15275,29517,10349,9170,126246
1999/02,1797448,4156850,1833117,1003260,648099,406740,274093,186152,140227,112926,93413,85338,65406,46331,37704,32062,26647,21863,18438,17576,14268,23515,9986,9230,126597
1999/03,1785113,4142740,1860197,1023411,663029,419333,284989,194414,145008,116487,94894,88504,67874,49105,39522,34487,28782,23420,20001,18504,15084,22649,10693,9654,135387
1999/04,1759411,4169741,1886648,1035508,668197,421570,282951,193225,143621,113785,89554,84604,65881,48656,40379,36422,31968,28276,24375,22683,18817,24506,13587,11986,142687
1999/05,1710657,4155073,1902807,1047678,666079,429287,293725,202578,149114,119030,96504,93065,75747,55312,43442,37855,31118,25387,21701,19775,16501,21888,11969,10844,142859
1999/06,1653915,4138728,1913691,1069721,686452,441496,305065,209970,154940,121401,96797,92373,77119,58625,44735,39223,32108,26665,22694,21243,17887,22024,12577,11426,143130
1999/07,1646068,4204819,1947129,1075209,680743,438426,302181,204598,152794,121588,97382,94827,77062,55331,43637,38347,31673,26003,22986,20658,17256,20678,12165,11089,139620
1999/08,1635558,4234716,1979485,1088588,686947,442617,299579,206887,156465,122615,98525,94276,78088,57291,44978,39977,32585,26046,22497,20559,17182,20435,12448,11520,148302
1999/09,1625296,4262454,2019056,1112408,697624,454735,306583,210583,156820,124385,99635,96447,79105,57503,44827,39854,32507,26746,23283,21225,17667,20588,12765,11620,146946
1999/10,1609324,4240128,2045969,1115451,718026,458797,317621,224474,163486,126813,104122,87543,81749,70162,52193,40736,33649,28022,24428,21950,18686,20649,12747,11602,146526
1999/11,1624170,4283539,2082485,1134458,722921,462604,321171,232801,166480,126391,106305,89298,76220,70212,55058,44891,34365,28290,24764,22323,18605,20507,13369,12235,156022
1999/12,1597414,4081297,2040936,1124759,725179,467828,326201,236948,171260,128561,107621,88131,75453,71082,57189,46212,35632,29971,25954,23225,19767,20604,14065,12711,158922
2000/01,1792076,4242048,2000157,1065237,687986,441580,305851,214969,160492,131866,110075,93848,81493,65314,49772,39969,33918,30226,25137,22768,17369,15409,32549,10242,145147
2000/02,1768052,4227411,2071989,1137558,719875,462297,313470,217065,160232,126814,102852,90046,79517,62934,48394,37728,32249,27496,23825,21174,16433,14575,24997,10558,143120
2000/03,1746101,4205912,2109272,1158699,743139,477707,324182,224714,164196,131907,104251,91119,82067,65397,48365,38320,33477,28569,24539,22267,17406,15041,23239,11268,151028
2000/04,1710057,4170377,2128239,1170788,747381,481347,325266,226504,167345,134983,104306,91634,83507,68496,50777,40683,34756,29785,25749,22940,18450,15905,23072,12106,153342
2000/05,1677321,4215008,2155652,1180004,746595,487069,328685,230603,166973,135243,103498,88721,78649,65885,49631,40697,36471,32582,29293,27313,22853,20589,24939,14376,170933
2000/06,1633053,4166526,2178226,1206182,769985,506756,343677,243172,178741,141912,108209,97015,86835,74179,54306,43963,37734,31718,27561,24749,19588,17328,22604,13387,162772
2000/07,1613762,4262743,2229805,1217204,771203,499388,341231,237560,173409,140808,103815,90256,80917,67260,51268,45421,40286,36206,29350,25974,20384,17272,22607,14420,163746
2000/08,1596538,4277337,2248986,1233887,775956,510291,341678,237030,178884,140598,106623,94407,85931,72354,54042,43691,37823,32199,26704,23964,19514,16697,21211,13389,166627
2000/09,1575675,4243382,2286396,1255288,789240,518839,345964,239021,180918,146193,108301,98806,87269,74154,54611,44071,37680,32030,27538,25240,19999,16752,21275,13766,164911
2000/10,1570297,4250245,2325207,1264806,800668,522154,349857,257042,184762,149893,111090,97266,77547,77400,65592,53200,40328,33407,28752,26506,21176,18098,21442,14295,165608
2000/11,1570954,4252230,2344433,1273737,803020,524397,353287,262270,187469,149574,110688,98716,77946,75122,66385,53421,40510,33939,28750,25638,20957,18324,21470,14543,171708
2000/12,1525855,4010425,2284677,1259405,801170,523205,355802,266960,188980,151956,113367,99774,77904,76394,66505,54213,41052,34828,29884,26940,22019,18922,21564,14902,173482
2001/01,1632308,4070199,2294335,1227656,771288,513175,348564,250958,185753,143996,122473,98625,90840,79065,64398,48469,40148,34501,30619,25225,21120,20847,16635,30772,167105
2001/02,1606517,4048272,2352132,1282725,781404,528757,356018,253822,186487,139291,113410,91598,84065,74116,60255,45614,36442,31701,27692,22254,19225,18967,15401,23370,163253
2001/03,1580647,3976930,2356778,1298573,792076,535367,362100,254819,189593,140706,116886,93050,84850,74791,61393,45981,37652,33299,29062,23554,20421,19577,16316,22331,171418
2001/04,1559793,3962402,2356645,1299828,802815,540458,367929,257212,187745,141509,114539,89384,79355,71365,59029,44860,38195,34335,30971,26680,23988,22192,18418,23082,189672
2001/05,1524933,3962985,2337552,1305505,799049,540038,366924,264311,193975,144448,118653,93648,84087,78592,64739,48325,40444,34811,29325,23959,21376,20156,17124,20888,178325
2001/06,1456787,3880005,2319374,1312956,816696,549226,378766,268940,199017,148416,121074,95767,87384,82010,66799,50129,42444,35897,30435,25094,22304,20573,17630,21090,179426
2001/07,1432153,3950882,2341610,1300549,814278,543053,368789,266768,195349,146156,119389,93611,85969,78917,64779,47946,40346,34531,29174,24518,22082,20261,17050,20041,173638
2001/08,1411451,3951082,2343056,1307467,818178,543990,367577,263545,191693,145847,117230,92334,86136,79375,65235,48309,40558,35052,29506,24510,21946,20215,17113,19361,180874
2001/09,1381473,3900271,2349733,1314580,824774,546715,371489,263309,194845,148071,118375,93061,87312,79655,66834,49114,41458,35304,29286,25039,22565,20610,17243,19557,176159
2001/10,1373559,3925963,2357889,1323273,828790,551466,372670,269854,196078,150402,118660,94868,80611,78496,67291,55919,43368,37551,30930,25643,22931,20973,17722,19494,177557
2001/11,1379585,3933134,2364131,1322259,827096,550732,373585,273325,200666,151254,119049,98237,83647,73648,69089,56407,45086,36309,29483,24933,22787,20322,17332,18944,180537
2001/12,1346713,3770422,2296173,1299830,823455,548350,374023,275792,202860,152610,118497,97375,82876,71429,68911,58096,46527,37452,30312,25651,22941,21080,18324,19877,181801
2002/01,1419227,3813609,2255998,1266824,809366,533211,362201,265379,196746,152044,122534,103091,86381,84055,72109,58071,45203,37830,30997,27647,24700,20998,20539,33507,175245
2002/02,1422702,3856281,2267587,1277491,818838,536144,365867,267568,198251,152050,121250,102395,86052,84004,71835,58064,44892,37515,30841,27372,24562,21074,20253,29656,176519
2002/03,1372926,3780213,2309007,1318289,836313,544824,377697,271242,198498,154577,120316,94772,81589,79951,67457,55506,41689,33668,29088,25686,22752,19493,18305,22698,172083
2002/04,1378043,3860608,2336515,1328743,839645,546891,378997,270795,198566,153842,119714,94201,81322,78159,69254,55760,42787,34997,29013,25193,23242,20034,18676,21974,173979
2002/05,1309452,3829741,2346296,1347144,852217,554355,383891,275959,199386,155982,120405,94973,78953,75446,66887,57650,45295,38199,32705,27509,23897,20084,19244,22449,189483
2002/06,1287667,3841907,2325983,1338154,850484,552618,382580,274102,198517,155500,119644,94532,78749,74876,66520,57658,45149,38164,32567,27538,23819,19952,19094,21795,189979
2002/07,1268728,3832733,2342113,1349421,869177,569348,390499,282458,204559,159734,124505,99571,87143,81652,72327,56900,44219,36292,30172,25828,24470,21140,19034,20333,181877
2002/08,1264178,3842507,2326010,1341205,870093,567687,388997,281395,203352,159710,123438,98628,86768,81425,72127,56676,44016,36134,29980,25874,24371,20932,18895,20062,181722
2002/09,1238387,3852095,2388809,1369528,860287,571365,389550,281062,204144,154708,122641,98575,84255,80156,70877,58692,44428,36403,30324,26115,23862,20746,18525,19442,181584
2002/10,1245868,3903961,2393472,1366257,859027,570536,390291,280525,203919,154789,122015,98851,84049,79378,71094,58948,44617,36589,30259,26207,23856,20864,18386,19195,181283
2002/11,1223086,3841693,2425717,1383277,871736,577443,394166,284303,209342,158819,122801,100505,89274,72568,73878,60294,50826,37098,30703,26525,24522,20701,18758,19148,182129
2002/12,1221682,3737549,2351383,1354458,861100,571814,390381,281299,207451,157104,121503,99970,88545,72013,73722,59800,50918,36817,30663,26427,24523,20673,18577,19070,181708
2003/01,975844,3980850,2358404,1349371,873092,555023,394093,288202,208745,160600,127205,106096,86548,80863,72271,62194,46431,36593,31399,28516,25005,21554,18128,17886,192018
2003/02,977691,4009626,2355826,1358787,878457,559625,396120,290282,209278,160584,126941,106175,86621,81228,72301,61995,46646,36628,31401,28601,25071,21445,18237,17808,192194
2003/03,942153,3968686,2391846,1402675,903296,575532,400848,291008,208246,160358,123117,104317,84528,80276,70970,61776,46228,34717,29850,27878,23945,20460,17742,17239,188309
2003/04,919843,3993442,2385722,1397923,900898,573885,399870,293767,207600,160036,123093,103543,83738,77929,72478,62021,47178,35801,29990,27491,24341,20549,17871,17232,189787
2003/05,860447,3943062,2382082,1413478,877592,593265,396251,306517,215914,162250,122358,101996,81243,73169,67914,61586,49120,40059,34525,30330,25804,21233,18752,17884,201652
2003/06,839179,3968749,2378444,1414664,883744,586645,396300,306203,215033,162222,122621,102620,81449,73167,67914,61800,49339,40087,34396,30458,25878,21258,18843,17840,202322
2003/07,787940,3923754,2384026,1411882,912990,601245,409418,316546,218767,166131,128590,107302,88139,79311,76076,65347,49143,39531,31749,28645,24937,21950,19108,17729,193739
2003/08,759195,3944011,2373280,1405975,908967,599669,406163,315767,217925,165402,127696,106720,87665,78979,75913,65052,49091,39356,31406,28669,24885,21926,19141,17681,193321
2003/09,727306,3993521,2451229,1430055,914888,597936,400799,312658,217516,161869,125949,105031,84969,76594,74432,63428,47881,38675,30846,28197,24958,21701,18315,17248,191879
2003/10,701232,4095431,2474671,1431201,910258,602856,398517,314876,218064,163607,125396,105440,85549,76296,74847,63430,48192,38766,30987,28249,24970,21712,18314,17367,191946
2003/11,668373,4050968,2507414,1454286,924548,610979,411727,316876,219884,163975,127817,109937,88695,71894,75036,63365,55408,39879,31779,28378,25212,22729,18998,17662,191104
2003/12,659078,3969416,2432431,1428098,915165,619642,407948,314160,218101,163046,126814,109822,88009,71845,74773,63199,55489,39648,31702,28384,25264,22708,19023,17606,191000
2004/01,672587,4026339,2389702,1431330,911958,592095,409596,314649,222868,171453,129908,112031,88706,81534,76756,64592,50856,37177,32661,28910,26783,22086,19474,18354,197062
2004/02,663183,4067461,2389100,1448146,918190,595877,411005,315526,221738,170660,129761,111680,88738,81627,76830,64803,50857,37272,32788,29014,26656,22251,19445,18348,197637
2004/03,635798,4079542,2465080,1483743,945433,619142,419112,320220,219903,166685,126668,108703,87468,79863,73635,64895,49943,35940,31018,28271,25434,21069,18315,17208,192008
2004/04,608531,4130054,2465908,1483704,945024,618256,419137,319505,219479,166988,127429,108114,87177,76700,74880,66012,50404,37634,31474,28061,25349,21658,18785,17346,194534
2004/05,550852,4085730,2479663,1508452,954313,619715,418483,324112,226364,169401,128074,108565,86979,74289,69485,62444,50954,42043,36509,33114,27850,22954,19744,18545,214042
2004/06,523525,4135751,2478726,1507136,954184,621102,420718,321502,225325,169218,128848,108322,86728,74361,69499,62670,51122,42020,36574,33138,27781,23054,19818,18529,214230
2004/07,501381,4096614,2489302,1511103,962309,631985,428690,330022,233292,175836,136496,114500,93366,80563,79505,69901,53691,41417,34060,30076,26439,23557,20340,18394,203075
2004/08,490411,4151962,2482324,1516322,962260,632518,430032,329260,234445,175989,136567,114642,93299,80854,79513,70060,53820,41537,33973,30126,26378,23593,20375,18391,203876
2004/09,467350,4172618,2567591,1541570,966843,634093,433791,328449,230103,173044,132267,111073,90908,79137,77127,67647,52526,41009,33403,29957,25945,22899,19907,18279,201909
2004/10,458418,4230444,2574557,1543880,965558,631999,433023,328171,227854,173794,133311,112088,90676,79386,77033,67678,52593,40918,33524,30024,25939,22781,19938,18245,201735
2004/11,457162,4205965,2633329,1570889,989674,646432,436889,331927,234928,175092,134921,113502,94701,79616,79374,67695,58689,42461,33454,30051,26599,23456,20198,18565,201916
2004/12,466135,4101841,2558769,1539094,975784,640950,432789,328415,231630,173615,134300,112981,94198,78717,78882,67363,58375,42363,33296,29884,26462,23405,19980,18646,201406
2005/01,474537,4130742,2590198,1506457,950375,662563,420348,334614,234099,175072,139858,121560,94732,83621,80912,68211,54161,41844,35831,30026,27709,24019,21750,20155,210740
2005/02,471999,4189490,2603873,1516703,954417,665490,421443,336292,234405,175031,139689,121972,95174,83848,80915,68425,54143,42034,36059,29987,27814,23952,21795,20044,211290
2005/03,445184,4130896,2637500,1559409,978967,676696,431306,336314,234070,176266,136183,116478,90617,81423,80600,67750,53763,41415,34006,29581,27023,22803,20416,18613,210625
2005/04,427881,4186830,2648571,1562873,978336,673853,432724,335814,234021,176171,136057,116239,90557,80010,78204,69564,53930,42499,35451,29808,26652,23275,21163,18791,212829
2005/05,378826,4149974,2667018,1590555,992029,682329,437974,345057,241456,179049,137914,118338,92183,80701,74722,64158,54269,45310,38904,34691,30011,24605,21992,19534,222019
2005/06,349675,4197240,2679914,1589485,990955,680840,439033,343821,241982,178177,137962,118514,92052,80519,74670,64163,53891,45460,39196,34562,29958,24746,22015,19549,222515
2005/07,323695,4120860,2702822,1601433,991608,688377,448517,345706,246171,180608,143261,124789,97985,85949,84160,73279,57416,45395,37721,31031,27601,24352,22962,20189,215566
2005/08,318019,4203134,2727824,1601858,994125,685935,448976,349138,247142,180644,142455,125682,98493,86324,84705,73464,57623,45512,37823,31302,27717,24365,23207,20290,216098
2005/09,299425,4217038,2818190,1622034,1004850,694389,448245,347635,246370,181952,142965,122726,96533,83455,81862,70729,56565,43967,36972,30910,27448,24375,22103,19703,211418
2005/10,298058,4290371,2860411,1624069,1005871,695165,448262,348003,246901,181829,143199,122956,96824,83303,82086,70713,56652,44078,36992,31023,27477,24477,22207,19702,211902
2005/11,292013,4229101,2903782,1652227,1031301,707620,455448,358023,255812,183718,144319,123229,101140,85088,80745,73004,61187,48221,37675,31584,27677,24898,22608,20149,214287
2005/12,309369,4127177,2807873,1610367,1014561,697974,447098,356374,253958,182596,142748,122700,101170,84085,80912,72605,61096,48328,37695,31603,27694,24907,22564,20227,213903
2006/01,361665,4251166,2741456,1612340,987518,679459,442325,364980,248259,188198,157695,128518,103756,86187,84679,73157,59876,47095,38547,32087,28953,27065,23705,21362,223096
2006/02,368880,4302779,2758403,1624243,994387,684266,445193,366211,250803,189662,157706,129235,104209,86267,84764,73320,60089,47449,38817,32069,29068,27098,23734,21285,224342
2006/03,357352,4280350,2825328,1674386,1034524,695171,456495,364636,251567,190211,151861,123366,97963,82214,84558,71553,58314,46540,36865,32092,28186,25214,22066,19695,222205
2006/04,342374,4309329,2824740,1667128,1031853,694921,458573,364332,251734,189848,152006,123602,98528,80692,81763,72866,59485,47004,38491,32482,27976,25572,22589,20262,224944
2006/05,306837,4273229,2864386,1698129,1051629,714076,465170,369626,258925,190442,154866,123845,102782,82448,78224,67277,58970,50410,42652,36696,30983,26710,23039,21124,235205
2006/06,292690,4337266,2879028,1698840,1051965,712606,465754,368654,259795,189963,155317,123567,103140,82233,78039,67321,58920,50499,42658,36713,30942,26657,23069,21147,235434
2006/07,278501,4271140,2908122,1719860,1048981,731512,475853,380172,265278,197378,162092,131690,107955,87412,83872,76291,64452,49624,40899,34405,29386,27063,24911,21588,230000
2006/08,280630,4323994,2916100,1725366,1048579,732539,476846,380603,265497,196978,160325,133618,108093,87768,84154,76299,64560,49750,40900,34502,29440,27255,24912,21420,230673
2006/09,272858,4314568,2999739,1748045,1078033,720770,477906,379778,262756,195944,159266,128985,105115,84927,84024,77419,61723,48991,39928,33659,28964,27055,23746,20824,225641
2006/10,274766,4416531,3024623,1754045,1078654,699438,499085,380806,262667,195503,159435,129109,105341,84775,84271,77288,62016,48968,40162,33712,29107,27085,23792,20900,226384
2006/11,266381,4372921,3058469,1780279,1083813,721716,505911,386895,273295,197571,162616,130421,108783,88978,82209,80196,64114,55651,41383,34759,29301,27547,23982,21132,227056
2006/12,282466,4258638,2948530,1734333,1065230,713278,499770,382282,270290,195200,161127,129758,107976,88302,81754,79700,63785,55446,41220,34661,29251,27444,23884,21058,226765
2007/01,372545,4361658,2906005,1673907,1053121,700623,501512,380567,270992,201565,173035,137635,110312,93008,90227,77518,64560,51554,40660,34004,31513,28230,24465,22443,237204
2007/02,377373,4429229,2917217,1682993,1059190,704435,505374,382629,272522,202351,173427,137742,111067,93352,90430,77713,64527,51672,40819,34215,31650,28289,24482,22309,238536
2007/03,356515,4414131,2967832,1729857,1096496,710937,511461,379037,267380,200197,167218,131945,107077,88777,88285,76524,63646,49906,39979,34104,30770,26807,23030,20936,237476
2007/04,357549,4465213,2974567,1729175,1093542,714108,512615,372387,275921,200328,167638,131718,108089,88321,84572,78782,64773,50973,41826,34513,30733,27112,23408,21347,241315
2007/05,323647,4424017,2984620,1749854,1099396,738118,521382,377438,283525,200780,167064,132733,111416,89594,82421,72104,68157,54398,44456,38590,32368,27919,23618,22397,249942
2007/06,302141,4481007,2978931,1744992,1096976,735963,518544,378669,282020,200081,166749,132966,110980,89570,82695,72103,68264,54518,44535,38475,32659,27936,23837,22321,250593
2007/07,291567,4437458,2995133,1752869,1112959,747024,535442,387290,291283,206775,170526,140223,116203,94102,91187,81048,68570,54165,43856,36270,31671,28492,25261,22636,243147
2007/08,295953,4499346,2995224,1751762,1112419,746750,535818,386753,292260,206468,171108,139274,117236,94323,91156,81454,68795,54680,43806,36406,31841,28499,25374,22694,243954
2007/09,284924,4499346,3067810,1775788,1129464,735729,532244,384380,288683,204693,172065,135947,114933,93566,91888,78556,66735,53481,41682,35513,31592,28100,24337,21662,239527
2007/10,287404,4612295,3098355,1777767,1128971,736415,531673,383527,293245,206426,172365,136074,115814,93858,89618,79300,66083,57116,42210,35808,31795,28222,24544,21828,240619
2007/11,283778,4554020,3141731,1805300,1134509,766347,538350,392768,303622,212501,175703,136057,118440,97029,86271,81320,66603,60414,44288,36803,32078,28589,25167,22181,244742
2007/12,291458,4443639,3030537,1759657,1113812,754442,529781,385994,298202,208515,172979,133784,117378,95876,85320,80684,66512,60078,43728,36501,31805,28218,24812,21829,241601
2008/01,395893,4628520,2897187,1732403,1074937,735395,520441,393677,288344,216831,178505,144496,117629,100161,93417,79913,70218,54233,42540,37303,32778,29326,25678,25217,250525
2008/02,395656,4682353,2904953,1738398,1079140,737725,521753,395107,288968,217742,178067,144624,117945,100792,93600,80055,70368,54663,42697,36990,33317,29486,25733,25207,251348
2008/03,369049,4602247,2935052,1786797,1108573,765119,527097,388859,293425,218526,173049,142542,114339,94847,90964,79360,69265,53392,42228,36737,32690,28146,23951,23836,251143
2008/04,367262,4686008,2942550,1779132,1104251,763589,524342,386296,296252,220041,173780,142279,114506,94550,86116,80986,70569,54684,44000,37345,32808,27906,24513,23975,253703
2008/05,329070,4618188,2935680,1798649,1109338,770245,532397,396382,297522,221423,176593,142846,116322,96468,85623,75313,71508,57440,47198,41526,34973,29211,24633,23945,262564
2008/06,314292,4685291,2927942,1787011,1104436,768332,531496,397500,297842,221364,176176,142859,117271,96803,86281,75533,71459,57667,47377,41547,35114,29334,24818,24265,263450
2008/07,302138,4620406,2937659,1783914,1118312,772392,540105,412409,302417,225021,181974,152055,124894,104883,93708,86054,74366,57761,47291,39334,34542,29576,26376,24851,259853
2008/08,300446,4644139,2924010,1775422,1115318,772257,538522,410813,301371,223893,181336,151769,124219,104721,93465,86153,74258,58082,47063,39220,34563,29505,26385,24833,259379
2008/09,290819,4664561,2977535,1787479,1119345,781551,539759,404146,301102,224247,176563,146268,120665,99881,89475,83039,72935,57649,46413,38706,33457,28949,25282,24633,255033
2008/10,293224,4727112,2970527,1773906,1112204,777288,540682,401551,301422,226369,176136,146239,119956,101021,87168,82369,72066,60431,46843,39130,33741,29067,25495,24517,255962
2008/11,283018,4625837,2970556,1793379,1121362,777951,552888,406701,306065,229453,177467,145555,119155,103367,84453,83189,70202,60967,47930,38958,33750,28697,25526,24070,254527
2008/12,292070,4527422,2855108,1740294,1095920,759925,544740,400155,303707,227016,175128,144634,118516,102929,82734,82854,69882,61297,47457,38905,33621,28528,25469,23726,253379
2009/01,339748,4530150,2819895,1683399,1065549,722823,533354,399992,295359,228375,183635,149499,124309,100575,92969,82193,69129,57027,43847,38702,32596,29793,26500,47468,232993
2009/02,333803,4542393,2785299,1666392,1061175,719077,536398,403709,296158,228386,182845,148711,123802,100572,92973,81968,69346,57074,43794,38729,32683,29782,26364,40090,241198
2009/03,316114,4551518,2811863,1696539,1076756,747300,547132,391610,290438,223281,171173,142043,117140,94250,87597,80380,65563,55822,41232,37721,30781,27705,24404,32434,235661
2009/04,301799,4566375,2785906,1678349,1071958,744761,544793,390315,288596,221268,169648,140966,116836,94153,87617,80171,65324,56080,41282,37249,31514,27825,24446,31454,237483
2009/05,268036,4504829,2762011,1686590,1065107,739176,534349,391523,289385,223656,168578,139081,115750,92637,79876,74664,67322,60792,46986,41369,34273,29202,25220,30992,253433
2009/06,264193,4545205,2750939,1679074,1059823,736455,532060,391430,288237,221569,167729,138721,115761,92867,79713,74488,67372,60666,47083,41483,34290,29167,25299,30203,254329
2009/07,255323,4513751,2745578,1668378,1071830,730005,550740,399740,298297,226023,173307,145342,118823,96871,87720,85254,70407,58482,45597,39027,32631,28832,25993,29486,244990
2009/08,255038,4575232,2743517,1662679,1065933,728333,549493,398841,298705,226739,173389,145687,118679,97071,87349,85128,70330,58640,45618,39003,32579,28779,26071,29040,245379
2009/09,248582,4605182,2787565,1688270,1073140,747095,541138,398363,291559,221776,175990,143401,118185,96683,83131,83200,68687,57669,45815,38581,32356,27891,25367,28043,240425
2009/10,251963,4715990,2800161,1684792,1066929,735217,533836,393324,287464,220179,174009,141623,116722,95896,79830,80880,66360,56597,45760,39328,33230,28824,26437,28428,242242
2009/11,252844,4700150,2837675,1713406,1085295,739093,553430,394103,297479,227770,170721,140272,118407,97833,77891,81248,67935,57824,47589,40705,33304,28903,26479,28041,242543
2009/12,266007,4645286,2765904,1678848,1071206,731529,549472,391196,295311,226621,169194,138379,117499,97835,76709,81413,68871,58573,47979,40067,32672,28115,25756,27229,241322
2010/01,357183,4749778,2719140,1654386,1029787,700908,535141,388024,293794,221891,178051,148941,122280,96185,92156,81460,67561,56529,45270,38477,32127,29620,29385,41298,232626
2010/02,351104,4828483,2742188,1662988,1034478,702677,540376,389538,297064,223109,178618,149721,122775,96565,92094,81586,68157,56631,45301,38576,32058,29767,28842,33962,242273
2010/03,337824,4844661,2814462,1711462,1066626,738326,543274,397465,290871,221300,169001,138395,118926,94129,88066,79175,66165,54874,43445,36703,31051,28372,26369,27547,236137
2010/04,325502,4907549,2821266,1713503,1063725,732945,549870,398222,291722,222077,169421,138304,119570,95069,88442,79541,66406,55482,43594,36428,32107,28683,26313,27127,239199
2010/05,288566,4872023,2817069,1740870,1072309,736478,554558,396868,295768,227694,174270,142267,121289,95697,85130,84226,68280,57778,47569,39672,33810,30753,28473,28219,257232
2010/06,277877,4936369,2818873,1734255,1072307,736666,555879,399088,293494,226772,173312,141302,120897,95625,85876,84680,69036,58067,47071,39229,33455,30218,28231,27295,257908
2010/07,265514,4883666,2829580,1722603,1081402,740464,562615,417151,304523,236759,183428,153774,128349,100176,87500,80810,72480,64196,49869,42106,35597,30216,27621,27078,256516
2010/08,264750,4947872,2836191,1722589,1073820,740376,561075,419029,303413,240301,182331,154891,128157,100641,88616,80984,73038,64665,50873,42502,35833,30899,27773,27169,260370
2010/09,256720,4998494,2902689,1739970,1087453,752802,565135,410632,299537,234640,179068,148353,124398,99072,88941,86437,69465,59853,48544,39539,33454,30385,27686,26653,252155
2010/10,255130,5092936,2916969,1743055,1085757,750049,564472,417726,302647,233891,181739,148834,125931,100948,87581,86166,68251,59863,48442,40929,34537,31439,28729,26981,253780
2010/11,256892,5084711,2961220,1770090,1104460,763612,573728,429040,309206,240204,179156,146398,125839,103576,89520,86935,70749,62698,50654,39979,34233,30753,27679,26278,252602
2010/12,263646,5001891,2887286,1742631,1087212,752639,567384,425353,306630,239383,177815,144992,124849,102601,88138,86137,70668,62730,51405,39830,34205,30696,27498,26143,251389
2011/01,323897,5094691,2863173,1671268,1021707,796010,526695,401872,321698,233716,185782,159646,129924,104547,97235,87408,72983,63095,49329,41450,36295,32744,30289,24834,271620
2011/02,323472,5150629,2879685,1683157,1030136,806593,534646,406072,324600,236869,184953,157944,129722,104414,96713,86331,72498,63005,48996,40862,35155,31725,29542,24220,267110
2011/03,298848,5136829,2952328,1730869,1069944,833323,541877,411307,313984,235033,178889,150062,124942,98286,93086,81204,69389,60170,47948,39521,36725,32467,27869,23477,270768
2011/04,280891,5175798,2945736,1726108,1067991,832012,543594,412984,316106,235266,179743,150466,125315,98412,90843,82899,70241,60537,49091,39649,36213,33400,27997,23647,274474
2011/05,248666,5141910,2947498,1750880,1077908,846135,554683,423713,318968,235986,182357,150582,126498,99834,90335,83582,73387,60611,50345,41924,36618,33528,28775,24576,278650
2011/06,245850,5196369,2948098,1745540,1078259,845160,553198,424049,317494,235294,181020,149376,125847,99870,90638,84953,74376,61659,50778,41234,35642,32613,27952,24277,278180
2011/07,235849,5153719,2970226,1737469,1085753,836159,557349,431211,326100,247230,195378,159665,133477,105014,94521,81731,71492,67071,54208,43591,38248,33740,28808,24211,277624
2011/08,234069,5228109,2970859,1733835,1084566,834977,559099,435235,322345,246169,195499,159691,134282,105468,94427,81942,72040,66989,54473,43523,38371,33648,28795,24138,276597
2011/09,227487,5282171,3043040,1747735,1089295,835050,573112,424274,320632,241884,188456,153319,131496,104559,93387,88271,74936,63919,51449,42527,35856,32154,29032,24617,271011
2011/10,228696,5384553,3061678,1744293,1089628,814070,592606,427209,321831,244677,188833,153978,131058,105292,90933,90137,73629,65644,52967,42779,36293,32357,29134,24846,271912
2011/11,225914,5361062,3091709,1779032,1106383,821052,594192,442405,327011,251013,192152,156088,131420,105471,92123,86679,73694,64709,54218,44127,37825,33636,30381,25653,276055
2011/12,243871,5279559,3019560,1754339,1090617,816020,591609,438359,324856,249293,190522,153776,130586,104657,92834,86705,74539,65360,55128,43538,37165,32517,29285,24989,273978
2012/01,363846,5348771,2941735,1729251,1062857,810996,583462,425915,325759,255760,192576,165412,135664,110058,97476,89795,76151,65060,50873,42432,37299,32841,28955,56258,252129
2012/02,358291,5426801,2961614,1740750,1074097,816181,585800,426529,329776,257238,193034,165774,136504,110632,97939,90201,76777,65348,51297,42646,37380,32893,29189,47150,263418
2012/03,342256,5435564,3037127,1788736,1105159,848978,581374,433888,331262,243123,190704,157553,129068,106456,93881,88486,76273,63082,50615,41650,35470,32362,27503,37298,271504
2012/04,328074,5475248,3026213,1786104,1096942,847874,581648,433646,329912,244807,190892,158074,128935,107094,94537,89123,76991,63619,51016,41943,35968,32506,27905,36545,275556
2012/05,300218,5425339,3033483,1797272,1116067,865442,594572,442554,335266,245712,193489,159707,130269,108345,94228,85195,73383,61874,49536,43623,36969,34308,30147,38668,291405
2012/06,288817,5515589,3038564,1792586,1110848,866721,595137,444008,335552,242897,192557,158747,130294,108487,94455,86465,74532,62903,49528,43297,36625,33678,29617,37675,292302
2012/07,278726,5447313,3053185,1791149,1124342,857292,604109,455041,344406,254391,208689,172929,137826,114405,98556,87305,77051,68226,55536,47157,40526,36399,29834,35271,285978
2012/08,278700,5528991,3046135,1791888,1116761,851795,600976,457311,345374,255218,207060,173873,137668,114940,99305,88343,77148,69373,55930,47914,40569,36791,29925,34883,288362
2012/09,270867,5579051,3125227,1812494,1122442,874792,601478,455542,342362,247619,198807,163054,134136,111944,97204,91416,78661,67556,53449,45695,37574,34142,28781,33806,277113
2012/10,273871,5710718,3135906,1804967,1116346,870629,592066,459294,350941,250066,201003,165816,134232,112789,95116,89679,78374,67369,54590,47213,40263,35701,30903,33857,282257
2012/11,282734,5694183,3166299,1836646,1134167,863525,617984,463279,354710,254302,201744,164570,134200,115019,98522,90529,80788,68418,55832,46283,39564,35102,30231,32943,283540
2012/12,298220,5600574,3088149,1806404,1114878,858755,616691,462540,345740,252309,200914,162066,133714,113555,99452,90657,80019,68269,56064,46202,38332,34477,29082,32480,282474
2013/01,397670,5630239,3002419,1775476,1125241,829193,613704,446427,352889,264252,203413,174620,140356,122763,103252,94623,79961,69752,53403,45446,38708,34481,30553,30902,296195
2013/02,388221,5711414,3018750,1782389,1134522,793783,655697,447765,355001,265052,204162,174873,141303,122976,103221,95088,80461,69511,53739,45524,38863,34707,30688,30523,298914
2013/03,362785,5699342,3083098,1826543,1157229,813799,659856,451849,344393,262498,200506,161083,132823,114173,99154,90699,79172,67864,52573,44231,37993,33448,29011,27607,299753
2013/04,356314,5761590,3089859,1825375,1155521,812500,660937,450329,343507,264572,201511,161352,133111,114561,98348,90531,79668,68882,53349,45428,38334,34674,29139,27917,303353
2013/05,329327,5712329,3108085,1842847,1156046,827202,668525,452215,342108,262029,207678,165084,135664,116113,98965,92428,78859,66307,54186,46673,39412,36375,31331,30021,308097
2013/06,304249,5768687,3103888,1833146,1146984,826215,666839,454575,343417,259221,205879,163305,135346,116233,99237,93369,79924,67535,54183,45670,38468,35412,30515,29316,309315
2013/07,286606,5707365,3112041,1823650,1164603,827077,677464,471343,349771,270879,211136,169337,141093,119149,100176,89302,77995,67711,57492,49442,41054,37413,31363,30077,304312
2013/08,284732,5769532,3109052,1820028,1161762,824305,676712,472788,349730,270238,211798,169192,141334,119696,100450,90168,78722,68162,57935,49621,41189,37418,31332,29868,306336
2013/09,278477,5825341,3175740,1842130,1159574,838868,672894,465490,345585,263520,206253,166209,136578,117728,99774,89711,83237,70650,54832,47158,39975,36220,29594,28572,296204
2013/10,279898,5947057,3193375,1838679,1155647,834781,670458,471905,348521,259434,208694,166137,137367,117770,97754,89260,82979,70289,55650,47641,41389,37025,30636,29179,297651
2013/11,278674,5909670,3249260,1872909,1177912,827201,691285,476448,356750,268361,209541,167448,136562,120768,101357,89436,86080,69473,59080,47535,41203,36318,30449,29111,296855
2013/12,296712,5803328,3169116,1840160,1159906,815873,687780,472966,353913,266281,207857,165761,135775,120231,101746,88654,86204,69459,59221,47130,40898,35960,30038,28879,296836
2014/01,404940,5803648,3115370,1804389,1137620,806888,674375,465462,354718,270866,211417,174006,145128,122565,101430,99656,81570,70490,56288,47035,42067,35066,33125,30304,314199
2014/02,392015,5865025,3141533,1818185,1148034,811478,637365,515259,356756,271769,212406,173745,145098,123413,102353,100410,81863,70694,56603,47336,42116,35288,33203,30217,316577
2014/03,372439,5829661,3211757,1884600,1189867,828540,646823,533221,344982,270582,212590,165944,138857,117514,99636,98560,81192,69238,55801,46424,40114,35199,31370,28648,304651
2014/04,363692,5855098,3222935,1886154,1190374,828771,649466,534903,348061,273476,213983,166779,140537,118846,100896,100410,81742,69895,56456,46711,40870,35615,31660,28744,308583
2014/05,327366,5833692,3261223,1898571,1193110,856688,652641,531063,348438,272692,216654,168695,143420,121152,100117,96678,82336,68797,56656,48770,42680,37399,32754,29478,322556
2014/06,315710,5891501,3263837,1894203,1190805,857340,652105,532170,347184,272257,214621,167863,143341,122822,101303,98696,83403,70318,56605,48081,41972,36320,31935,28922,323939
2014/07,293443,5827948,3269401,1891873,1209235,864554,668955,534800,364132,280081,225401,180572,150113,127277,105492,101001,86252,72954,58297,50564,42833,36644,32580,29520,322241
2014/08,296636,5893087,3273469,1891060,1207259,862329,666514,537349,363519,277737,225490,180413,150031,125738,104368,101216,86495,73073,58889,50418,42761,36772,32567,29670,323353
2014/09,290221,5972474,3359610,1926542,1207435,859839,676830,535926,355485,274988,222376,171300,146388,123246,103055,95797,80796,74843,60406,48955,43907,38049,32459,28811,313966
2014/10,292913,6099402,3387097,1932976,1203972,853146,682552,540207,361274,272962,223809,170141,146835,124258,100841,96517,82477,74023,61859,48597,44461,37788,32493,28741,314195
2014/11,290756,6040684,3439523,1975386,1226357,880733,674550,555064,363451,280035,220396,173297,144894,124162,104000,96355,92828,71136,62583,51006,45012,38921,33814,30060,320962
2014/12,315474,5946613,3356808,1943196,1211265,871428,665811,551012,360571,278104,218660,171546,143919,123991,103821,97242,90373,71329,63028,50584,44291,37825,33032,29511,319750
2015/01,454357,6023613,3300875,1865570,1195999,842579,685853,510165,360051,281503,216151,187787,151103,128293,106307,107477,82832,75216,59530,49846,44840,37544,33528,60229,297683
2015/02,445164,6113725,3317910,1870938,1203495,844148,695095,512606,363991,281695,216224,188315,151734,128284,106306,108142,83164,75331,59542,50052,45150,37417,33631,50394,310306
2015/03,423194,6087932,3383276,1936845,1238185,878304,702593,513584,361766,282550,214026,171685,147526,124319,104929,103599,81223,72112,57476,48772,40195,37036,31555,40950,314219
2015/04,16667,6543244,3389184,1934825,1232845,884416,663644,549409,365815,283003,214405,172308,147634,125552,105730,104799,81985,72885,58115,49388,40334,37453,31812,39547,318435
2015/05,13472,6424348,3421558,1954400,1245218,889242,676565,546637,368595,284660,217556,173707,148593,125808,105603,103212,82948,72559,59651,51608,42650,39992,33859,39384,334037
2015/06,12568,6513624,3420625,1950115,1244769,887216,676895,548786,367957,283082,216230,172018,148695,126274,105767,104816,83399,73642,59407,51372,41914,38781,33278,38282,334517
2015/07,11332,6414709,3446349,1941504,1264340,899827,688722,547027,380042,293505,236253,180566,158828,137048,109566,104038,82863,76263,64827,53272,44449,41611,34500,37454,334400
2015/08,11299,6501912,3444014,1937635,1258398,894409,687494,550234,380432,293925,236038,180002,158839,136603,110622,104412,83063,76967,64923,53691,45058,41788,34713,37008,338275
2015/09,11074,6544586,3544831,1968238,1261765,886018,698457,548279,376743,291183,220810,177690,153310,127826,108491,103568,85723,75752,59652,52676,43127,39350,32737,35765,322938
2015/10,10048,6673740,3568976,1956211,1260148,864712,708148,550259,383310,292310,222042,179092,153624,128424,106433,101825,88415,74176,62031,53283,43598,39742,33628,35423,324792
2015/11,9358,6583091,3642713,2014645,1288502,882270,709466,567123,386342,297903,225235,181086,153634,127553,109908,100019,90635,74829,63168,54569,45259,41437,34871,35505,326305
2015/12,8691,6483658,3541896,1975352,1273382,870255,704471,565143,381618,292271,222475,175567,152492,124515,110086,100653,89797,74964,64067,53582,44348,39790,33581,34618,323088
2016/01,11086,6628714,3503040,1958494,1247423,855301,706439,543236,394588,288683,222711,188693,153343,128583,112168,107239,86560,75732,62253,52087,44899,38044,34418,61095,304668
2016/02,10181,6717026,3515074,1972893,1252751,857026,713914,542097,400358,290374,221699,189825,153274,130276,112408,107996,86821,76078,62134,52068,44915,38394,34572,50838,318479
2016/03,9729,6629339,3583165,2035444,1288853,892489,726916,548279,381534,287387,220320,181696,147317,124167,108354,105012,84059,73211,59923,49563,43184,37338,32668,40947,320276
2016/04,9587,6712347,3592604,2029773,1284690,890982,724464,549500,380548,287372,220191,182456,146955,123672,106911,104254,85454,73911,60362,50557,42870,38259,32706,39259,324059
2016/05,8920,6597767,3625355,2043819,1305889,896945,722299,555925,389542,289304,222552,178412,147116,125973,109488,102986,87770,74604,61960,53945,45584,40659,33779,39591,353945
2016/06,8647,6687166,3618358,2032651,1301345,893875,719315,557665,393832,289389,222547,177867,147411,125514,109059,104714,89073,75405,62085,53412,45288,39972,33775,38731,355517
2016/07,8872,6572416,3643075,2039736,1321526,898647,736712,568623,395061,297444,232226,194842,156148,132779,113786,107042,86678,78497,64947,54303,47064,42580,35172,38411,343944
2016/08,8038,6679417,3643850,2040787,1322753,898132,736715,567659,396425,297380,232293,195736,156865,132645,115458,107046,86713,78507,65155,54374,47061,42980,35414,38372,346401
2016/09,9165,6708087,3759904,2082073,1327896,921921,739715,567997,389090,295631,229911,187702,151286,128468,110818,106201,88907,75083,63651,53183,44936,40179,33880,35851,331573
2016/10,8656,6836866,3795778,2079994,1326752,916251,738848,571818,393476,296001,231577,188232,151107,127360,110569,105313,90669,73706,65446,53901,45536,40535,34284,35795,333583
2016/11,8042,6724819,3864174,2150738,1367334,923690,746195,584530,408890,305530,231850,190004,153942,128143,114683,102703,92484,74366,66263,54676,47185,42075,35759,36146,334408
2016/12,7447,6623760,3748781,2107121,1342076,910808,738365,579149,406435,302764,229182,187552,152877,126600,114662,101568,93667,74314,67105,53737,46139,40793,34583,35327,333508
2017/01,26864,7341108,3531249,2015373,1226626,885674,752438,496287,380122,274343,226197,179726,148536,128537,118220,99580,81478,69277,57327,48090,42129,40740,371907,,
2017/02,20493,7427705,3540564,2034507,1236522,893739,762230,499569,383883,276596,227481,180629,149239,129281,118763,99943,81816,69783,57357,48098,42322,40386,204552,170147,
2017/03,16695,7367852,3613459,2125551,1285527,945297,771962,501803,368531,273605,217761,173735,142820,123472,114652,96946,78785,67984,55094,45175,40793,37832,45174,325891,
2017/04,15840,7412556,3596710,2116618,1280322,947314,774360,502244,368321,274187,218011,174711,143117,123439,114769,97849,79315,68948,55318,45976,41064,37787,43349,332553,
2017/05,14081,7264674,3654601,2133128,1303829,948397,786100,504493,373040,279190,221060,173504,145559,125814,112725,99475,81034,71229,58942,49934,44622,40007,42840,363533,
2017/06,13244,7377465,3648053,2122065,1298893,947849,786181,506044,371538,278904,219416,173142,144760,125991,114148,100982,81802,71336,58101,49363,43382,39524,41454,364715,
2017/07,11944,7245473,3695036,2141748,1320514,948068,794553,527880,385055,294700,235473,184521,153337,131044,119290,99709,84674,73767,59213,51099,44749,40992,40804,351343,
2017/08,11779,7373120,3681127,2131693,1319516,947961,795155,528841,386070,294689,236521,185302,153378,131196,118739,100163,84932,73757,59342,51001,44790,41016,40548,353109,
2017/09,12164,7390817,3800978,2172452,1318660,972401,795862,516858,383672,287552,225224,181799,147283,128220,115978,102202,81287,71658,58796,49367,43045,39077,39859,341305,
2017/10,11634,7549952,3809215,2173389,1320237,970847,803393,517877,386114,290488,226211,183619,145849,130770,115023,103525,81129,73351,59294,50155,43407,39533,39853,343872,
2017/11,10951,7440996,3892212,2245353,1354299,973390,823368,529159,389276,292952,228669,184122,145844,132572,113873,106469,82682,74039,59649,51521,44754,39865,39939,345313,
2017/12,34514,8200095,3661997,2029008,1242635,914952,712271,466022,341611,251645,197642,158130,134936,122886,104405,87373,70647,57273,49771,43081,42426,340072,35344,,
2018/01,20702,8018430,3678455,2056498,1253710,931739,736002,506609,358273,269440,216657,177523,146736,134348,111063,94076,75638,62426,53849,47664,45227,382473,156469,,
2018/02,18967,8137554,3679270,2067236,1258356,939262,741037,512840,359647,271404,217600,178066,148075,134721,111948,94337,75626,62547,54037,47423,43832,110741,277594,,
2018/03,17084,7989214,3770032,2168260,1319429,959611,750523,505264,364773,274555,210168,172333,140989,127276,110592,91441,74359,60072,50733,46053,41440,56902,332048,,
2018/04,16773,8075421,3755517,2163978,1318035,962621,753696,505794,364185,276047,211141,173116,142112,128658,111324,92960,75033,60469,51418,46489,41556,53197,341127,,
2018/05,15212,7940605,3804433,2187440,1344710,978013,763816,507195,366174,279780,211399,173490,144910,128237,111893,95015,76188,64723,54838,50097,42458,49291,365073,,
2018/06,14537,7989366,3775279,2168928,1336514,977646,761029,507795,363681,278372,210738,173807,145185,128870,113446,96241,76561,63864,54180,48986,41902,47667,367682,,
2018/07,13170,7897355,3803434,2168641,1348788,986247,766190,531318,381867,295824,223538,183358,152631,133656,114502,98510,79998,66468,55863,50264,43469,46637,366265,,
2018/08,12841,8036670,3792274,2159229,1345139,986309,766404,532700,381267,295803,224571,184007,152607,133053,115145,98949,80304,66380,56176,50311,43343,46008,368456,,
2018/09,12667,8023132,3921636,2218833,1368471,992703,771610,520604,370649,283448,216518,178807,147262,131637,115121,96401,76972,64237,54370,48883,41669,44061,351354,,
2018/10,12158,8175047,3922209,2210546,1366124,990215,773333,524658,371369,284382,217277,178774,148550,126884,118067,96635,78776,64868,54967,48824,41799,43203,354547,,
2018/11,11496,8056629,4018012,2274016,1381280,989375,798183,527709,376622,283655,218771,179242,148650,121800,117941,99231,80376,66872,56822,51036,42952,44059,360282,,
2018/12,10794,7902745,3897391,2236438,1362340,980303,791347,523124,374162,280182,216341,177885,148201,120775,119893,100435,80360,65560,55446,49483,41757,42900,358219,,
2019/01,28722,8933395,3782211,2038739,1256480,942514,673926,430013,334528,247061,202010,160770,147024,119888,93572,76936,62587,55191,51072,394596,,,,,
2019/02,24474,9003560,3788812,2060191,1267095,947001,682483,432082,335360,247217,202651,161206,147802,119996,93700,76964,62904,54946,49074,101224,,,,,
2019/03,21760,8867335,3882034,2129322,1336717,987781,653993,428485,328093,238511,196298,151912,142368,115878,90591,73566,60738,52812,45798,56216,,,,,
2019/04,20112,8906589,3852142,2124020,1337076,995089,651591,433033,330517,240579,197850,152808,142868,117423,91766,74342,61025,53565,46252,53902,,,,,
2019/05,18302,8793765,3911751,2138387,1343517,1002204,648938,432252,327625,239816,197442,155256,142277,118251,93878,77800,63851,56500,48645,51908,,,,,
2019/06,18267,8858526,3868315,2120343,1338815,999476,645900,433338,324543,237813,196121,154362,143705,120486,93889,76721,62574,55793,47865,50227,,,,,
2019/07,17083,8741018,3875597,2135926,1348184,1014782,666889,457532,342025,254155,208740,163090,146267,121581,99024,78968,65187,57174,49255,50098,,,,,
2019/08,17182,8836691,3836151,2118421,1342759,1013654,666716,456205,341219,252924,208079,161912,145203,121759,99046,78733,65152,57147,49031,49111,,,,,
2019/09,15398,8907359,3967326,2142683,1358871,999970,663728,444441,327212,242749,200221,156550,141416,121056,94634,76964,63524,54976,47363,46848,,,,,
2019/10,16535,9072316,3948861,2138106,1361592,1001983,664665,447299,328063,243738,198796,158565,139055,122276,95709,77769,64586,55188,47504,46545,,,,,
2019/11,14334,8918880,4075260,2199798,1358508,1009697,672092,458041,331762,244132,201094,157953,131441,125324,99335,82244,66718,58192,49125,47089,,,,,
2019/12,15610,8715589,3964007,2170479,1342170,1002462,667400,454334,330031,242517,200191,157419,131036,126125,99404,82053,66129,57490,48458,46619,,,,,
2020/01,40752,10305220,3592273,1849324,1252119,813230,526927,373396,281320,209414,169481,155145,114997,90654,74162,61690,55622,386642,,,,,,,
2020/02,33151,10361958,3615745,1851302,1264657,816012,550133,375423,282438,210713,170213,156022,114884,91090,74155,61625,54022,391202,,,,,,,
2020/03,30824,10075734,3736827,1912866,1285148,810567,553736,365297,275334,206422,164138,151478,113225,87145,71583,59116,51063,395297,,,,,,,
2020/04,26963,9693793,3638590,1879221,1269626,802397,548723,361568,273114,205910,163368,150571,113458,86719,71471,58882,50854,394604,,,,,,,
2020/05,27804,9416768,3613947,1865399,1258266,783955,549035,359920,262030,201492,161068,142063,115370,89819,74577,62315,52000,410112,,,,,,,
2020/06,23775,9429173,3564847,1852174,1249719,783082,541928,356083,260631,198759,160271,143556,116325,89880,73753,60890,51042,406969,,,,,,,
2020/07,26116,9495052,3520742,1825573,1242863,792445,552822,372833,276364,204048,161861,140547,115746,90143,73851,60272,51000,377414,,,,,,,
2020/08,26404,9615634,3490354,1816999,1240650,792521,553574,373985,276306,205306,162116,140115,115891,91085,74180,60517,51082,377641,,,,,,,
2020/09,20927,9605599,3575493,1874726,1263698,794069,546068,359978,267271,200264,158017,141409,116996,89428,72896,59851,50986,376309,,,,,,,
2020/10,25547,9793953,3564759,1866171,1261520,800188,548444,363728,269602,201770,158733,138623,115372,89986,75166,62372,52574,382959,,,,,,,
2020/11,20135,9662362,3705001,1924018,1272348,823414,561470,371747,272766,206221,160928,144594,123678,93478,77255,62583,51275,387407,,,,,,,
2020/12,15362,9485263,3644768,1904175,1262772,819099,558539,372022,272121,206186,161070,144522,123372,93282,77298,62554,51464,388792,,,,,,,
2021/01,50465,10420884,3381061,1768701,1138180,741657,472503,339046,245986,193073,162907,126415,96777,76673,71530,404905,,,,,,,,,
2021/02,34226,10511610,3391284,1778290,1143699,746732,477268,339961,246712,193397,162918,126530,97372,76574,68943,410245,,,,,,,,,
2021/03,30389,10501650,3486573,1849923,1151778,734768,469670,323938,238763,187331,154698,122667,92894,72941,65953,412986,,,,,,,,,
2021/04,29181,10557819,3466626,1845293,1151481,735987,470096,326550,239681,187739,156719,123892,93212,73618,66033,417799,,,,,,,,,
2021/05,27175,10440270,3530131,1871045,1159858,748393,473233,326495,242894,189812,160930,124741,96862,77674,68320,444447,,,,,,,,,
2021/06,26339,10537800,3499626,1872925,1161561,745902,469129,326717,242901,192921,165591,124053,94901,75927,67136,444997,,,,,,,,,
2021/07,24407,10476771,3570786,1882368,1186147,753621,491167,349334,254032,201725,171885,127562,96885,76815,69244,437743,,,,,,,,,
2021/08,24341,10613101,3548978,1882754,1188614,754483,491967,350001,254916,202032,172419,128021,97515,77141,69532,439121,,,,,,,,,
2021/09,22953,10629062,3658176,1954573,1199211,763091,487572,339178,250856,198622,167237,126833,96217,76239,67115,428696,,,,,,,,,
2021/10,23678,10776957,3648469,1956425,1198055,768957,494639,341810,249081,198803,167204,128891,99980,78975,68551,436374,,,,,,,,,
2021/11,21527,10658609,3804909,1994492,1234768,782949,504499,345579,251571,201649,173559,134013,102683,80877,69684,441289,,,,,,,,,
2021/12,22763,10411146,3772113,1976796,1226955,776524,501499,344792,251415,201275,174303,133758,102588,80694,69594,443561,,,,,,,,,
2022/01,72989,11887419,3379633,1794524,1027035,615607,415925,290749,229763,172911,126120,,524111,,,,,,,,,,,,
2022/02,44437,11985000,3425914,1821877,1035156,626068,419713,293383,232208,173845,126708,,157512,,,,,,,,,,,,
2022/03,42328,11861265,3570459,1883759,1047988,626716,408302,286912,226581,172550,122075,,102199,,,,,,,,,,,,
2022/04,42005,11858283,3556557,1884294,1049049,628841,409660,290001,227503,174960,123651,,100402,,,,,,,,,,,,
2022/05,41798,11695973,3619994,1920889,1051841,633914,411782,292682,228755,175117,129497,,101186,,,,,,,,,,,,
2022/06,42542,11770518,3592099,1922666,1056369,633866,411958,292308,230831,178031,129481,,99231,,,,,,,,,,,,
2022/07,42671,11611022,3641734,1932655,1087725,668519,437261,310668,240164,182085,131456,,98686,,,,,,,,,,,,
2022/08,44147,11761184,3621391,1936014,1096705,670654,439889,311290,241185,183412,132558,,97699,,,,,,,,,,,,
2022/09,45984,11855920,3711288,1965864,1101883,659575,430858,304509,235988,183441,131036,,95278,,,,,,,,,,,,
2022/10,47284,12038755,3697529,1966496,1115921,664050,434401,305030,231709,184872,135908,,95329,,,,,,,,,,,,
2022/11,49252,11895505,3833402,2009461,1138341,675540,442205,309014,235597,196825,141347,,94489,,,,,,,,,,,,
2022/12,51100,11622896,3780082,1996076,1135553,672176,441351,308572,233749,197880,141569,,93626,,,,,,,,,,,,
